{
    "sdip1": {
        "real": [
                0.000000e+00, 
                1.000000e+00, 
                1.000000e+00, 
                0.000000e+00
        ], 
        "imag": [
                0.000000e+00, 
                0.000000e+00, 
                0.000000e+00, 
                0.000000e+00
        ], 
        "ncol": 2, 
        "nrow": 2
    }, 
    "nk": 10, 
    "deom": {
        "syst": {
            "qmd1": {
                "real": [
                        5.000000e-01, 
                        0.000000e+00, 
                        0.000000e+00, 
                       -5.000000e-01
                ], 
                "nslc": 1, 
                "ncol": 2, 
                "imag": [
                        0.000000e+00, 
                        0.000000e+00, 
                        0.000000e+00, 
                        0.000000e+00
                ], 
                "nrow": 2
            }, 
            "ham1": {
                "real": [
                        0.000000e+00, 
                        5.000000e-01, 
                        5.000000e-01, 
                        0.000000e+00
                ], 
                "imag": [
                        0.000000e+00, 
                        0.000000e+00, 
                        0.000000e+00, 
                        0.000000e+00
                ], 
                "ncol": 2, 
                "nrow": 2
            }
        }, 
        "hidx": {
            "nmax": 10000000, 
            "lmax": 20, 
            "ferr":     1.000000e-06, 
            "expn": {
                "real": [
                        5.000000e+00, 
                        6.305939e+00, 
                        1.949962e+01
                ], 
                "imag": [
                        0.000000e+00, 
                        0.000000e+00, 
                        0.000000e+00
                ], 
                "nrow": 3
            }, 
            "trun": 0
        }, 
        "bath": {
            "etar": {
                "real": [
                       -5.239819e+01, 
                        6.925422e+01, 
                        5.142552e+01
                ], 
                "imag": [
                        3.925000e+01, 
                       -0.000000e+00, 
                       -0.000000e+00
                ], 
                "nrow": 3
            }, 
            "temp": {
                "real": [
                        1.000000e+00
                ], 
                "nrow": 1
            }, 
            "mode": {
                "real": [
                    0, 
                    0, 
                    0
                ], 
                "nrow": 3
            }, 
            "delr": {
                "real": [
                        0.000000e+00
                ], 
                "nrow": 1
            }, 
            "etaa": {
                "real": [
                        6.546856e+01, 
                        6.925422e+01, 
                        5.142552e+01
                ], 
                "nrow": 3
            }, 
            "etal": {
                "real": [
                       -5.239819e+01, 
                        6.925422e+01, 
                        5.142552e+01
                ], 
                "imag": [
                       -3.925000e+01, 
                        0.000000e+00, 
                        0.000000e+00
                ], 
                "nrow": 3
            }, 
            "expn": {
                "real": [
                        5.000000e+00, 
                        6.305939e+00, 
                        1.949962e+01
                ], 
                "imag": [
                        0.000000e+00, 
                        0.000000e+00, 
                        0.000000e+00
                ], 
                "nrow": 3
            }
        }
    }, 
    "sdip2": {
        "real": [
                0.000000e+00, 
                1.000000e+00, 
                1.000000e+00, 
                0.000000e+00
        ], 
        "imag": [
                0.000000e+00, 
                0.000000e+00, 
                0.000000e+00, 
                0.000000e+00
        ], 
        "ncol": 2, 
        "nrow": 2
    }, 
    "dt":     2.000000e-03, 
    "nt": 32768, 
    "staticErr":     1.000000e-06, 
    "inistate": 0
}